,State,Mobility Type,a,p,s,R^2_r(t),R2_S(t)
0,Alabama,grocery_and_pharmacy_percent_change_from_baseline,0.010211157532334402,20.165324653277146,26.98240641,0.8676512505805696,0.9145244997833114
1,Alabama,parks_percent_change_from_baseline,0.0009234178502780815,41.95204197095936,4.837402819980203,0.8524163564957774,0.6864561385925836
2,Alabama,retail_and_recreation_percent_change_from_baseline,0.0013079251954066378,51.93687860362272,15.125118512409026,0.8563693396548139,0.6481245302019902
3,Alabama,transit_stations_percent_change_from_baseline,0.0025063692630082016,33.156747838345474,3.9963517057875046,0.8436125831872446,0.9379084368897118
4,Alabama,workplaces_percent_change_from_baseline,0.0004504348062987107,37.95518585916783,2.9972102353314085,0.9550275139901472,0.5664152814829939
5,Alaska,grocery_and_pharmacy_percent_change_from_baseline,0.0006625797716154874,67.77999415969163,16.99500922918838,0.8914820335611495,0.8750797506342618
6,Alaska,residential_percent_change_from_baseline,0.006660053519133933,31.2861320965869,26.98240641,0.7205684460260604,0.725719314107399
7,Alaska,retail_and_recreation_percent_change_from_baseline,0.0015262103268111427,52.26609595334369,10.407225377830853,0.8640923790666292,0.9606942389825709
8,Alaska,transit_stations_percent_change_from_baseline,0.0010228493229471728,63.2625189399326,6.22601528225952,0.7051420150106454,0.9236739118566932
9,Alaska,workplaces_percent_change_from_baseline,0.0005446970347966484,50.01894943936276,1.5895848139936837,0.9578662422409151,0.6442002729436256
10,Arizona,grocery_and_pharmacy_percent_change_from_baseline,0.004581278750456018,35.248447580759695,5.809063089606889,0.7533275681229236,0.8801875548892951
11,Arizona,parks_percent_change_from_baseline,0.0073014930418983034,7.351834383237229,3.5375286126295067,0.9893819825804924,0.6734089779430124
12,Arizona,residential_percent_change_from_baseline,0.012379238882371552,24.154151796824628,15.412004644611324,0.8810915086461603,0.9749847011935517
13,Arizona,retail_and_recreation_percent_change_from_baseline,0.001033517484508309,40.76800393663715,9.070896351126727,0.9668996800920627,0.7997840800015014
14,Arizona,transit_stations_percent_change_from_baseline,0.0006565009271961385,40.75817005901985,5.218173266359591,0.9687492107477469,0.4971903189288538
15,Arizona,workplaces_percent_change_from_baseline,0.00038694715537235854,36.89466343539988,3.4026900576702306,0.971723491110115,0.8006167671387876
16,Arkansas,grocery_and_pharmacy_percent_change_from_baseline,0.004355366470969713,62.28760401400232,26.98240641,0.4670446229419949,0.07080407178552706
17,Arkansas,residential_percent_change_from_baseline,0.01374431352281542,24.36740887418373,16.299106567671494,0.7847873149901157,0.8581725178404369
18,Arkansas,retail_and_recreation_percent_change_from_baseline,0.0023312314402764026,28.064836798051623,3.4062098423931615,0.8244820465493112,0.7575358020888083
19,Arkansas,transit_stations_percent_change_from_baseline,0.00041047374913882407,118.30502697272173,26.98240641,0.898108430598036,0.681897166422075
20,Arkansas,workplaces_percent_change_from_baseline,0.00027608646203083155,37.8356680988722,3.2751699515852666,0.944118181665665,0.4131977223864237
21,California,grocery_and_pharmacy_percent_change_from_baseline,0.003908100176308908,51.01098411499499,26.98240641,0.7258302859624952,0.926825640545863
22,California,parks_percent_change_from_baseline,0.0011307178911656559,110.46828099108774,26.98240641,0.72529108206639,0.8023525877331812
23,California,residential_percent_change_from_baseline,0.010790125440688435,27.424995443982986,17.07348989783715,0.7593904128878723,0.8086851847256076
24,California,retail_and_recreation_percent_change_from_baseline,0.000690506260780374,46.999997902673165,1.0000098994917448,0.7112647618092198,0.872667562251869
25,California,transit_stations_percent_change_from_baseline,0.00037754431240650014,43.86287061048645,3.48926814930026,0.9473239265370718,0.6185982025911188
26,California,workplaces_percent_change_from_baseline,0.00041956921620570406,49.99999995865477,0.9999998842220252,0.7911699678009062,0.6854109757722091
27,Colorado,grocery_and_pharmacy_percent_change_from_baseline,0.004596135408466523,33.61921221498857,13.28519075608251,0.7997142867689755,0.7390437253651453
28,Colorado,parks_percent_change_from_baseline,0.0011833106270096889,59.073724997352194,4.560379594098034,0.7494149122719918,0.327073062025277
29,Colorado,residential_percent_change_from_baseline,0.013237188358610699,24.18320162902807,10.503814197111149,0.8702307065134469,0.9830297932149278
30,Colorado,retail_and_recreation_percent_change_from_baseline,0.0007926815051464628,45.38889067505462,8.727023578224106,0.9615333606353302,0.24838647279717374
31,Colorado,transit_stations_percent_change_from_baseline,0.0008560719962208468,62.78490037793719,26.98240641,0.977353871115244,0.27220788148659736
32,Colorado,workplaces_percent_change_from_baseline,0.00038280812221895067,37.91002014959914,3.0504318257407834,0.9622740708431072,0.7769870506132059
33,Connecticut,grocery_and_pharmacy_percent_change_from_baseline,0.0021115003869170593,36.23473706970145,2.4242356595026116,0.7811739271863279,0.3233622775690581
34,Connecticut,parks_percent_change_from_baseline,0.0008154386453246946,115.48875310563956,26.98240641,0.8864194166768704,0.8961558728803047
35,Connecticut,residential_percent_change_from_baseline,0.010615351343714486,27.576609144518635,15.929068717679923,0.8083386078546937,0.8813730149589101
36,Connecticut,retail_and_recreation_percent_change_from_baseline,0.0007289892756703869,68.15855740929743,16.12232935988674,0.9433242133797157,0.8506100970551083
37,Connecticut,transit_stations_percent_change_from_baseline,0.00038954439176547496,65.5801753127371,10.78767527416569,0.9831769891925871,0.9092777919265927
38,Connecticut,workplaces_percent_change_from_baseline,0.00019053616551464067,65.9999993546033,1.0000201840958003,0.5981498370684747,-0.2630806291536909
39,Delaware,grocery_and_pharmacy_percent_change_from_baseline,0.0011855408407490545,63.06400303872813,24.1142686468303,0.701444114031839,0.9033422485084902
40,Delaware,parks_percent_change_from_baseline,0.0029455281587729707,6.9472319323225795,1.607477120020683,0.8862505928530062,0.42440121147859544
41,Delaware,residential_percent_change_from_baseline,0.01053058240561457,28.144980912758285,15.322692881546576,0.7734084664615457,0.8476200357774231
42,Delaware,retail_and_recreation_percent_change_from_baseline,0.0015181596741472337,102.27314479742068,26.98240641,0.5186168226202004,0.5487105939448569
43,Delaware,transit_stations_percent_change_from_baseline,0.0015038262009016536,119.48788442463008,26.98240641,0.639315523583811,0.6018432911063067
44,Delaware,workplaces_percent_change_from_baseline,0.0002996899077220415,62.065203480556065,2.9336663316590714,0.9791827292369659,0.7063594416122863
45,District of Columbia,grocery_and_pharmacy_percent_change_from_baseline,0.00029973131956917626,77.22019144149402,26.98240641,0.9834615646716144,0.5887410962075867
46,District of Columbia,parks_percent_change_from_baseline,0.0006833875390831718,73.17452267407575,26.98240641,0.8659480848305787,0.9007235505309567
47,District of Columbia,residential_percent_change_from_baseline,0.010844164062847399,28.29224729758118,13.898326552558323,0.7984330670772645,0.874147176417403
48,District of Columbia,retail_and_recreation_percent_change_from_baseline,8.090892333802124e-05,80.99999997772723,1.0000009698890073,0.6575969596324136,0.3383218018581805
49,District of Columbia,transit_stations_percent_change_from_baseline,1.5484430374999123e-05,134.0,1.0,0.9523435122514972,-1.6098459768201616
50,District of Columbia,workplaces_percent_change_from_baseline,6.343927071872112e-05,79.99999998610862,1.000000684721617,0.6713787611793791,-0.2667961620944137
51,Florida,grocery_and_pharmacy_percent_change_from_baseline,0.0008010657597499392,43.370902498770846,6.789945749809304,0.8212998723110871,-0.4384374345885509
52,Florida,parks_percent_change_from_baseline,0.0031066850727933474,21.0433841960266,2.4017218251251125,0.7816068098456749,0.887575887645457
53,Florida,residential_percent_change_from_baseline,0.007040901682396815,30.20415404055862,24.715427212942732,0.8825694752327976,0.8777994426581206
54,Florida,retail_and_recreation_percent_change_from_baseline,0.0007640898586753146,41.85462837420312,5.0260421473286785,0.9817286402753569,0.9081060845632956
55,Florida,transit_stations_percent_change_from_baseline,0.0004877394699859357,42.7181574116129,4.958138624402936,0.9801048984695909,0.9058771391902417
56,Florida,workplaces_percent_change_from_baseline,0.0004380733592440665,37.83944762744141,3.6103170370757405,0.9640009578187478,0.8458257708170346
57,Georgia,grocery_and_pharmacy_percent_change_from_baseline,0.00591631075980915,42.672966345801974,26.98240641,0.8252075577965958,0.8652591690820495
58,Georgia,parks_percent_change_from_baseline,0.0011292014636492445,113.93118776220993,26.98240641,0.7002023491987419,0.8766030055030034
59,Georgia,retail_and_recreation_percent_change_from_baseline,0.0013939533946855556,32.95979899215849,3.6442682012886887,0.9325777078445274,0.6618348664053708
60,Georgia,transit_stations_percent_change_from_baseline,0.0004554313848176302,39.85062977577013,3.615116681357468,0.975207424313448,0.4563578503375686
61,Georgia,workplaces_percent_change_from_baseline,0.0003650270605579399,36.79194865266021,3.5405444230511414,0.96609259408827,0.4394105317059328
62,Hawaii,grocery_and_pharmacy_percent_change_from_baseline,0.0002598265288092064,79.00000005269412,1.000002982922955,0.9633339505105404,-0.5433986487216309
63,Hawaii,parks_percent_change_from_baseline,0.00034423851606230717,44.786560958240564,4.514807293073021,0.9878480392867326,0.8296258097957107
64,Hawaii,residential_percent_change_from_baseline,0.005870062329275033,35.545529364064244,23.521903358444455,0.7038471443646381,0.6771842034938707
65,Hawaii,retail_and_recreation_percent_change_from_baseline,2.3462414611091936e-05,233.0,1.0,0.5072049740333358,-2.662294146597796
66,Hawaii,transit_stations_percent_change_from_baseline,1.812844336988997e-05,229.0,1.0,0.5299589848162258,-0.921497925152275
67,Hawaii,workplaces_percent_change_from_baseline,0.00040516890141447927,48.9999996641559,1.0000008077984348,0.5232063912825784,0.6895231986274173
68,Idaho,grocery_and_pharmacy_percent_change_from_baseline,0.0006425294284488294,148.9860084665926,26.98240641,0.7741452219308409,0.6823517228592724
69,Idaho,residential_percent_change_from_baseline,0.0076726348402038425,28.572063288880727,26.98240641,0.792048539972614,0.7803289634366358
70,Idaho,retail_and_recreation_percent_change_from_baseline,0.0014668734015426527,54.24433760925504,6.28945250870703,0.7509235830515391,0.9649967353332191
71,Idaho,transit_stations_percent_change_from_baseline,0.004112352837010531,50.4284103317211,26.98240641,0.803551404266641,0.94144034122178
72,Idaho,workplaces_percent_change_from_baseline,0.00041455428879466123,53.03842179035242,2.1236094849534237,0.9586480378338911,0.5595643582909765
73,Illinois,grocery_and_pharmacy_percent_change_from_baseline,0.0005541103119651277,84.00084709999926,2.609122179840643,0.532806598589665,0.5229995792025348
74,Illinois,parks_percent_change_from_baseline,0.000587502370373435,84.20476226121431,9.314874285060833,0.691669941483167,0.8479186373474243
75,Illinois,residential_percent_change_from_baseline,0.014571704917975842,25.08788694432227,11.786907700779974,0.7590238100985207,0.8645030904978593
76,Illinois,retail_and_recreation_percent_change_from_baseline,0.00036842705114341866,121.70191647256922,26.98240641,0.8977130481656626,0.886509421002496
77,Illinois,transit_stations_percent_change_from_baseline,0.000244233720344279,118.20161484782152,26.98240641,0.9441194739047324,0.8683615707222031
78,Illinois,workplaces_percent_change_from_baseline,0.00042256547404118924,49.99999925502622,1.0000063424422538,0.7065662391075704,0.8082468801083189
79,Indiana,grocery_and_pharmacy_percent_change_from_baseline,0.0010004378454892698,67.26800774572125,17.036947905930354,0.8643415436015577,0.8435174669171454
80,Indiana,residential_percent_change_from_baseline,0.010534374102609085,28.35181293647892,14.674400267999648,0.7613579011201315,0.8520372936608474
81,Indiana,retail_and_recreation_percent_change_from_baseline,0.0009448173119776757,67.01832656524287,26.98240641,0.9680354599507603,0.9807693748833545
82,Indiana,transit_stations_percent_change_from_baseline,0.0017753053329577944,46.91620892819478,18.631874241634833,0.8351586656407957,0.8903908888133603
83,Indiana,workplaces_percent_change_from_baseline,0.00015839419579988722,59.89987375300824,3.786394214290936,0.9561870781927518,-0.3457636107905899
84,Iowa,grocery_and_pharmacy_percent_change_from_baseline,0.0011471764704529769,51.98806151737745,8.345594004007822,0.7812314593921859,-0.051537572386989305
85,Iowa,residential_percent_change_from_baseline,0.01201014749947296,26.62011986504837,13.172230890647592,0.7934103642380193,0.8715473296178787
86,Iowa,retail_and_recreation_percent_change_from_baseline,0.0010734410463352014,51.278101801009505,7.433468405499293,0.9722364126559807,0.8581120307181843
87,Iowa,transit_stations_percent_change_from_baseline,0.001173330848115391,48.15970203298241,7.086390114948968,0.7891405634405456,0.8187291960297012
88,Iowa,workplaces_percent_change_from_baseline,0.0005256159609083167,50.0000002068186,1.0000089572302875,0.9326586856298088,0.8475442920351197
89,Kansas,grocery_and_pharmacy_percent_change_from_baseline,0.010865456270420725,3.7867553781544614,3.402724878338584,0.9809855896138062,0.9731945384380402
90,Kansas,retail_and_recreation_percent_change_from_baseline,0.0014637076962519782,60.25304640121186,9.080105530939885,0.7717203596541414,0.9552959449958132
91,Kansas,transit_stations_percent_change_from_baseline,0.002296798635361541,35.093144871851436,2.656275669079874,0.8892800082065281,0.3898499427461569
92,Kansas,workplaces_percent_change_from_baseline,0.00044036731577312916,38.90532691865081,3.3353923777301993,0.9447938582839046,0.5034769614042099
93,Kentucky,grocery_and_pharmacy_percent_change_from_baseline,0.0028186856864977692,40.02316838063422,2.670862673841247,0.731550358507893,0.689487343219446
94,Kentucky,residential_percent_change_from_baseline,0.00910850533071237,29.09146031667119,16.33681983355001,0.858341434845372,0.9231326181557107
95,Kentucky,retail_and_recreation_percent_change_from_baseline,0.0007332244714406673,49.95074427902227,7.390975849945351,0.9349999008368123,0.7439071865566063
96,Kentucky,transit_stations_percent_change_from_baseline,0.001593378336885021,47.94946408521615,0.8133277777707161,0.5621906873196625,0.8878847588868872
97,Kentucky,workplaces_percent_change_from_baseline,0.000508384759485433,48.999999992423305,1.0000000301390102,0.8810048346112302,0.8094427907879665
98,Louisiana,grocery_and_pharmacy_percent_change_from_baseline,0.003841302884969736,73.18888204719048,26.98240641,0.4659685797167885,0.07146423038544203
99,Louisiana,parks_percent_change_from_baseline,0.0074858713685203235,8.795569384087882,2.517775365368991,0.9359996628372185,0.8512811576264928
100,Louisiana,residential_percent_change_from_baseline,0.013476111920304089,24.84749023867155,17.213294957622633,0.7550268661430806,0.8059819305004468
101,Louisiana,retail_and_recreation_percent_change_from_baseline,0.0006726790874515762,52.801388163652895,10.938072097311064,0.9090318681155447,0.5017449625496192
102,Louisiana,transit_stations_percent_change_from_baseline,0.0005502328335361556,53.01092760389449,2.025909888604755,0.9324809762771723,0.47251646627335864
103,Louisiana,workplaces_percent_change_from_baseline,0.0003790987261978253,40.51413099597705,4.8913668629088844,0.9524617395179813,0.6091354344161494
104,Maine,grocery_and_pharmacy_percent_change_from_baseline,0.0008151026496992964,131.8287175563883,26.98240641,0.8653958458457397,0.758579786987803
105,Maine,parks_percent_change_from_baseline,0.0008370079441296416,15.681953317047032,2.813272630225612,0.965693727549715,0.37989856717694737
106,Maine,residential_percent_change_from_baseline,0.01108047329376367,24.691434133218802,24.369732001981173,0.8379624645589535,0.8263560039050837
107,Maine,retail_and_recreation_percent_change_from_baseline,0.0009609369928090254,75.5856306165314,17.865260200924933,0.824512821521516,0.8858796457190418
108,Maine,transit_stations_percent_change_from_baseline,0.0007387046482062333,85.32168247691261,11.293785978751815,0.7275928196510832,0.8956968700221404
109,Maine,workplaces_percent_change_from_baseline,0.00016288872492556787,61.822556129745344,4.689699164517743,0.9719162598651396,0.09688423638028143
110,Maryland,grocery_and_pharmacy_percent_change_from_baseline,0.000606848207132934,67.17375455654779,9.36521249811454,0.933428019035142,0.9523856995947172
111,Maryland,residential_percent_change_from_baseline,0.01016723896289876,28.493592520137472,15.78016207724595,0.8219155691600011,0.8823043293074992
112,Maryland,retail_and_recreation_percent_change_from_baseline,0.00036419243663232106,51.91550256164635,5.265377055313309,0.9680263562504964,0.8077849131110817
113,Maryland,transit_stations_percent_change_from_baseline,0.0003089528706104637,49.88965426170524,5.09233827569041,0.9559157306507651,0.777186695387449
114,Maryland,workplaces_percent_change_from_baseline,9.182236838203254e-05,78.99999987768817,1.0000053730380878,0.646520150364455,-0.3070606432193137
115,Massachusetts,grocery_and_pharmacy_percent_change_from_baseline,0.0012195758358654835,35.69565990424036,5.606471632524701,0.9104266058469815,0.49928731615735655
116,Massachusetts,parks_percent_change_from_baseline,0.0007103642205243791,75.16982590555536,7.466079392698327,0.5452564254621558,0.8914694937226043
117,Massachusetts,residential_percent_change_from_baseline,0.01129000391358101,27.082803814210934,15.711735014790895,0.8115221020309831,0.88854414643802
118,Massachusetts,retail_and_recreation_percent_change_from_baseline,0.0005379893781344016,67.04685151629307,2.589322578022235,0.9790046266407572,0.9097231416078319
119,Massachusetts,transit_stations_percent_change_from_baseline,0.0002927673310522983,67.69284534565597,8.145550378279875,0.974760984987362,0.8663100893760255
120,Massachusetts,workplaces_percent_change_from_baseline,0.00019061486478883066,52.88843632632975,3.7577657107020324,0.959715953305313,0.7343830366159476
121,Michigan,grocery_and_pharmacy_percent_change_from_baseline,0.0006283537594538922,81.21614337039544,26.98240641,0.9115763223504395,0.9405420097463408
122,Michigan,residential_percent_change_from_baseline,0.010676187124384867,28.157121281563704,16.012197869375946,0.7550996760742502,0.8390141080925175
123,Michigan,retail_and_recreation_percent_change_from_baseline,0.0006366498225205208,81.45622980600369,13.922321893662165,0.782415426690002,0.9322643517754948
124,Michigan,transit_stations_percent_change_from_baseline,0.0011134987166745468,48.99019851924027,1.386857595805911,0.8627433452998879,0.9008759943734059
125,Michigan,workplaces_percent_change_from_baseline,0.00016880547788437463,66.92048538787832,4.062512731138522,0.9555755157558572,0.4423657269130338
126,Minnesota,grocery_and_pharmacy_percent_change_from_baseline,0.0010125606504854578,65.85481584576065,22.53328319656957,0.8344151209084664,0.7352136700461296
127,Minnesota,residential_percent_change_from_baseline,0.007206306738284992,29.202469898649092,26.98240641,0.8308921069648774,0.7725977212721784
128,Minnesota,retail_and_recreation_percent_change_from_baseline,0.00044495170880083683,74.4511000169763,13.690848001468508,0.9435692534320388,0.8857851940716636
129,Minnesota,transit_stations_percent_change_from_baseline,0.0002497112606417842,90.27324157945176,26.98240641,0.9650654714802734,0.03846120567248923
130,Minnesota,workplaces_percent_change_from_baseline,0.0003970816155122706,51.000000073262925,1.0000190273138012,0.9283592185478433,0.764324402128572
131,Mississippi,grocery_and_pharmacy_percent_change_from_baseline,0.010776467791383417,21.147718478005096,26.98240641,0.8634341071275797,0.9353977343476696
132,Mississippi,parks_percent_change_from_baseline,0.0016248917017028664,42.43119947917705,8.187743987089249,0.8906091699058852,0.9278206180907458
133,Mississippi,residential_percent_change_from_baseline,0.005296267915375166,33.15028900438693,24.442762327129554,0.918710432445108,0.929962399498799
134,Mississippi,retail_and_recreation_percent_change_from_baseline,0.0015129735736126991,53.153761560125545,4.247938472912286,0.6298894865047606,0.80566229855744
135,Mississippi,transit_stations_percent_change_from_baseline,0.001329358917017968,110.73773287394398,26.98240641,0.798525516620615,0.8695127641786587
136,Mississippi,workplaces_percent_change_from_baseline,0.0006655813760704046,50.0,1.0,0.7295695983747588,0.5466087032277694
137,Missouri,grocery_and_pharmacy_percent_change_from_baseline,0.0032852344016316886,33.284944912496826,3.994633981571839,0.567336330645072,0.5397142852496344
138,Missouri,parks_percent_change_from_baseline,0.0007621953634170723,72.19120460523374,3.811642375369794,0.3882269973673348,0.5968106322870745
139,Missouri,residential_percent_change_from_baseline,0.012864350388231804,25.584496763406733,15.04329337859806,0.7692304818612465,0.8742159791066968
140,Missouri,retail_and_recreation_percent_change_from_baseline,0.001281187969649454,39.263895512716914,11.230389890880538,0.9591888632807674,0.8065824762083029
141,Missouri,transit_stations_percent_change_from_baseline,0.0024223184534448695,19.770482470364215,3.8985774095281256,0.9456969144492381,0.8075021561591058
142,Missouri,workplaces_percent_change_from_baseline,0.00016459929850664006,69.99999989724564,1.0000130711942181,0.7566558906994005,-0.3822641956885786
143,Montana,grocery_and_pharmacy_percent_change_from_baseline,0.0005629572218691077,91.14884888676022,20.705661924461218,0.938067349000029,0.6798456611859556
144,Montana,residential_percent_change_from_baseline,0.006562534910953688,29.891507242637335,26.98240641,0.8596501004740204,0.8277463061676088
145,Montana,retail_and_recreation_percent_change_from_baseline,0.0009697240567867346,74.24516628180555,26.982406409808256,0.9304406033904254,0.981691197433144
146,Montana,transit_stations_percent_change_from_baseline,0.0006047206083253985,91.29627556702663,13.249286681526078,0.7643757125877881,0.9372793182831267
147,Montana,workplaces_percent_change_from_baseline,0.0006261798773172006,36.80890566413145,3.9934098634061814,0.9397152203891092,0.7468418709977014
148,Nebraska,grocery_and_pharmacy_percent_change_from_baseline,0.0006821336330386854,106.12206542818622,26.98240641,0.6788508367136541,-1.0873339291626687
149,Nebraska,residential_percent_change_from_baseline,0.007625479584310933,29.50732794837245,13.601339837772143,0.9036911338214587,0.9679509362102965
150,Nebraska,retail_and_recreation_percent_change_from_baseline,0.0006519138825560089,79.0976103179776,5.384819760427599,0.9631643355838454,0.45785734096734354
151,Nebraska,transit_stations_percent_change_from_baseline,0.0005763233673817703,67.79087147386777,26.98240641,0.8695200845243309,-2.841498332830768
152,Nebraska,workplaces_percent_change_from_baseline,0.0004590876073108651,46.0,1.0,0.6647973023841401,0.3679733526211041
153,Nevada,grocery_and_pharmacy_percent_change_from_baseline,0.005122503104825792,28.8831508502803,22.03784232220201,0.8608474907112663,0.9352701910063077
154,Nevada,parks_percent_change_from_baseline,0.004267291470535922,18.25205192596394,3.215404363889358,0.9421627877652731,0.5891597457880933
155,Nevada,residential_percent_change_from_baseline,0.011869748365301793,26.977097269594765,16.44142786834799,0.7186227609851947,0.7217347437132517
156,Nevada,retail_and_recreation_percent_change_from_baseline,0.0005341771463657688,57.68345578394336,17.38900725792893,0.9824922071437452,0.9040056935378933
157,Nevada,transit_stations_percent_change_from_baseline,0.00011603461259227757,91.9999999674057,1.0000023713954294,0.615904681891132,0.2249319594117768
158,Nevada,workplaces_percent_change_from_baseline,0.00016489810492650945,57.8738554747239,4.101219760045238,0.9751261048441836,0.7408921252800076
159,New Hampshire,grocery_and_pharmacy_percent_change_from_baseline,0.0011862979009514042,63.3914810442836,10.890299212822404,0.8222129254962628,0.7266363041529784
160,New Hampshire,parks_percent_change_from_baseline,0.00047827151768243316,53.03332248882567,3.6856973239058024,0.8400424407168956,0.8951354463156111
161,New Hampshire,residential_percent_change_from_baseline,0.012204567852208154,25.531664095844533,17.248725864940923,0.8226534501736551,0.8759357767010297
162,New Hampshire,retail_and_recreation_percent_change_from_baseline,0.0008699708442072505,72.66568210701746,26.98240641,0.9471693471166944,0.9829542522432413
163,New Hampshire,transit_stations_percent_change_from_baseline,0.0011309973995749793,126.42232151003165,26.98240641,0.8318429947655944,0.9255486248409031
164,New Hampshire,workplaces_percent_change_from_baseline,0.00015736523805170616,63.7687221123122,5.176370376736773,0.9702908219417365,0.4534121471516679
165,New Jersey,grocery_and_pharmacy_percent_change_from_baseline,0.0013641558327520547,54.155939709032474,26.98240641,0.9143403031832089,0.6481289727743296
166,New Jersey,parks_percent_change_from_baseline,0.00872895978348585,2.0,1.0,0.9571706995397756,-0.7569407297960664
167,New Jersey,residential_percent_change_from_baseline,0.011291961995790233,27.074326393839698,15.602326957907993,0.7902400939217156,0.8632817749268956
168,New Jersey,retail_and_recreation_percent_change_from_baseline,0.00024257407923414159,80.97220614439324,5.60383465222573,0.9490154273927586,0.8583559451284388
169,New Jersey,transit_stations_percent_change_from_baseline,0.0002903551774678331,74.0808611248979,26.79656135918582,0.9956124144854804,0.7419583417854541
170,New Jersey,workplaces_percent_change_from_baseline,0.00020406781558413983,52.86016122167437,3.9303886978233686,0.9622050272581976,0.5715198222644781
171,New Mexico,grocery_and_pharmacy_percent_change_from_baseline,0.0034392611101621054,61.0955567668374,26.98240641,0.5458172183034558,0.3368999833617252
172,New Mexico,parks_percent_change_from_baseline,0.002179169302123043,42.12198881669857,3.576538035740385,0.5394944745085626,0.8488430318720015
173,New Mexico,residential_percent_change_from_baseline,0.008911565036324474,30.105164371708664,17.581767171002383,0.7670906494397723,0.8098592988708366
174,New Mexico,retail_and_recreation_percent_change_from_baseline,0.0005350872080062355,53.94222377469072,6.855193424759984,0.9504882055089274,0.2654878852710255
175,New Mexico,transit_stations_percent_change_from_baseline,0.0002510273169152877,69.9999999138737,1.0000007989245399,0.49362000548523866,-0.1357503591295175
176,New Mexico,workplaces_percent_change_from_baseline,0.0004471371178551082,49.0,1.0,0.8905059760525584,0.655498951345898
177,New York,grocery_and_pharmacy_percent_change_from_baseline,0.0028098928516225117,22.053586238351052,2.0917304778341568,0.7327721409948532,0.711603386058937
178,New York,parks_percent_change_from_baseline,0.0008701678344279514,119.18505902698563,26.98240641,0.8495511454596485,0.8696295370288692
179,New York,residential_percent_change_from_baseline,0.011426238569486488,27.081892917593123,16.09885880492908,0.7783210164817325,0.8425231552637024
180,New York,retail_and_recreation_percent_change_from_baseline,0.0005982987634331505,57.99999937671161,1.0000108702077355,0.8258101681450682,0.9093690247564772
181,New York,transit_stations_percent_change_from_baseline,0.00010394697433064245,101.00000000312305,1.0000002230997453,0.8257305213095416,-0.9133209293138247
182,New York,workplaces_percent_change_from_baseline,0.00018361710579802937,52.82627092590184,4.13594983869984,0.9673287253130298,0.5355312845509563
183,North Carolina,grocery_and_pharmacy_percent_change_from_baseline,0.004322686927000291,34.81489002790239,1.9340082213893426,0.38446684706254974,0.5677010481802206
184,North Carolina,residential_percent_change_from_baseline,0.007693979702128621,30.89769190906079,20.807673323363915,0.8377948476149728,0.8526090911875404
185,North Carolina,retail_and_recreation_percent_change_from_baseline,0.0009701774524931822,44.99146221629703,1.391746811802605,0.9255650288699511,0.5800217381403578
186,North Carolina,transit_stations_percent_change_from_baseline,0.00031970828772892145,49.99206449805273,2.387927626577568,0.8703458311579131,0.339176077410004
187,North Carolina,workplaces_percent_change_from_baseline,0.00038933352964223595,34.84496150511188,3.1230729455858786,0.9578988043870192,0.5045340271175002
188,North Dakota,grocery_and_pharmacy_percent_change_from_baseline,0.012848108750692144,18.741741979027037,22.05030197495481,0.9534223963569058,0.6610882725713204
189,North Dakota,parks_percent_change_from_baseline,0.0013495267938810325,41.95146027999079,26.98240641,0.820436854292011,0.9154963146098544
190,North Dakota,residential_percent_change_from_baseline,0.007089428863390982,31.3845739196144,21.502769968182,0.8713730650393721,0.8744785388461174
191,North Dakota,retail_and_recreation_percent_change_from_baseline,0.002454684682302499,52.8772244496825,26.98240641,0.9832561082888717,0.8969356352602618
192,North Dakota,transit_stations_percent_change_from_baseline,0.0032973816519397945,13.765408561595892,3.3473655798767172,0.954754535244234,0.8285912166636805
193,North Dakota,workplaces_percent_change_from_baseline,0.001070200497414351,24.1099261332176,2.6145696130252203,0.9970126426175615,0.7217621804335201
194,Ohio,grocery_and_pharmacy_percent_change_from_baseline,0.0009008965822142559,68.19242137316954,12.361316617091843,0.8192612197441812,0.8272725123384265
195,Ohio,residential_percent_change_from_baseline,0.015506915575676166,23.080464663958015,10.894898610555385,0.8171039118738882,0.9743995919819491
196,Ohio,retail_and_recreation_percent_change_from_baseline,0.0008034251940999721,65.37740520484118,12.361725399661895,0.8586097676664505,0.9610011533900341
197,Ohio,transit_stations_percent_change_from_baseline,0.0013790518016794828,46.15303482941288,4.704678600553815,0.7726063392058682,0.9380704416467351
198,Ohio,workplaces_percent_change_from_baseline,0.0005861515472197782,49.0,1.0,0.7802141587042016,0.7933229927658887
199,Oklahoma,grocery_and_pharmacy_percent_change_from_baseline,0.013526902692158298,19.277156970287752,21.777616902331694,0.8240468735180955,0.9511331723727701
200,Oklahoma,parks_percent_change_from_baseline,0.0014925927570124207,60.416291789462186,8.98644569688264,0.6282435076318834,0.7572488237126968
201,Oklahoma,residential_percent_change_from_baseline,0.008824333061341963,26.32539958507919,25.04305816138083,0.9105662663366869,0.9205967940146862
202,Oklahoma,retail_and_recreation_percent_change_from_baseline,0.00298365775086994,38.00826977056503,11.20433960125542,0.8061966287052942,0.7449136352474721
203,Oklahoma,transit_stations_percent_change_from_baseline,0.0016217792770704233,88.16692748794186,26.98240641,0.7263880189127392,0.8698136529595555
204,Oklahoma,workplaces_percent_change_from_baseline,0.0005121599602755655,35.962377481095615,2.8443340102335064,0.9449588420610637,0.5766163852168982
205,Oregon,grocery_and_pharmacy_percent_change_from_baseline,0.002867378025790101,54.45900893951005,26.98240641,0.54495652332829,0.5653197355987949
206,Oregon,parks_percent_change_from_baseline,0.0020767425342309897,13.694601595688807,3.2065852388335077,0.9602270844335747,0.3587195107337252
207,Oregon,residential_percent_change_from_baseline,0.0077884911460045815,29.142169542926176,26.98240641,0.7439859111038956,0.739768016090298
208,Oregon,retail_and_recreation_percent_change_from_baseline,0.0009099581862446149,67.99999966887927,1.000003697662433,0.6704365365431755,0.9061517148231204
209,Oregon,transit_stations_percent_change_from_baseline,0.0004902872584746846,54.097886620307776,3.5193414726130317,0.9295607537280708,0.9696842121856419
210,Oregon,workplaces_percent_change_from_baseline,0.00038463792304356916,57.00000143080008,1.0000336679032786,0.9334669403832001,0.9021258811891794
211,Pennsylvania,grocery_and_pharmacy_percent_change_from_baseline,0.0015036804439381322,40.19821626774944,4.0313135524720085,0.7149593678758986,0.9004770336547179
212,Pennsylvania,parks_percent_change_from_baseline,0.0006849279358155569,59.69713087342604,26.98240641,0.9058325904877584,0.7520012952212732
213,Pennsylvania,residential_percent_change_from_baseline,0.012564126553881576,26.42304961409805,14.668987033924271,0.7561862836094224,0.8167204396343698
214,Pennsylvania,retail_and_recreation_percent_change_from_baseline,0.0005165191526160575,61.34248607503121,10.700421256295508,0.9701335924813503,0.8322296610096535
215,Pennsylvania,transit_stations_percent_change_from_baseline,0.0004443768863283783,66.83229574987428,22.29437381843902,0.9459751517537365,0.8778614941201296
216,Pennsylvania,workplaces_percent_change_from_baseline,0.00047758514949520386,48.999998385922474,1.0000056000294524,0.5705172114993466,0.661827685677389
217,Rhode Island,grocery_and_pharmacy_percent_change_from_baseline,0.0018804635563343772,46.09443082132154,4.071425500555075,0.5904717005447366,0.7000789075940459
218,Rhode Island,residential_percent_change_from_baseline,0.010311538801888157,27.66752519065052,16.982087474229854,0.844345472789475,0.8944071552699975
219,Rhode Island,retail_and_recreation_percent_change_from_baseline,0.0009677686732496761,53.84750687029244,21.461121800049487,0.9840417615654727,0.8977295466555911
220,Rhode Island,transit_stations_percent_change_from_baseline,0.0002816423243285765,47.710688878485435,4.565138915593896,0.9527307595831492,0.5513750035091938
221,Rhode Island,workplaces_percent_change_from_baseline,0.00018784966086522937,52.87764906655131,3.9367223817079435,0.9617632071133858,0.46916552433848524
222,South Carolina,grocery_and_pharmacy_percent_change_from_baseline,0.008223711934020455,37.12694296621266,26.98240641,0.7906488455551486,0.8873063872855668
223,South Carolina,parks_percent_change_from_baseline,0.0014003248620665912,54.27413995574984,8.945051262398218,0.7111180928243761,0.918034732892869
224,South Carolina,retail_and_recreation_percent_change_from_baseline,0.001737619118905748,40.05226284382518,7.111676371267879,0.9424080187760197,0.7631192490514569
225,South Carolina,transit_stations_percent_change_from_baseline,0.0017223065686410395,75.41079362939286,26.98240641,0.7815971296455887,0.9096682619500546
226,South Carolina,workplaces_percent_change_from_baseline,0.00038534893013019773,67.36589790587024,26.98240641,0.9653921336526788,0.29761295424459333
227,South Dakota,grocery_and_pharmacy_percent_change_from_baseline,0.0006759171919042109,75.26481446695891,25.83644596126413,0.9457738892496491,0.20002037134051975
228,South Dakota,parks_percent_change_from_baseline,0.0007059209539036387,72.56178929842095,26.98240641,0.9081257405958783,0.8031432002111443
229,South Dakota,residential_percent_change_from_baseline,0.008119692820741018,28.825699725375042,18.826048752714982,0.9058547002386447,0.975531740932277
230,South Dakota,retail_and_recreation_percent_change_from_baseline,0.0026894579195442378,40.578295139814074,13.388578731634063,0.8707072138747961,0.864016771358979
231,South Dakota,transit_stations_percent_change_from_baseline,0.0007826205335805434,75.27581353897737,10.010259065496994,0.7021952477460756,0.9290099203102973
232,South Dakota,workplaces_percent_change_from_baseline,0.000732054559701057,48.00000002809318,1.0000147682193175,0.8956642734125445,0.6831004253386475
233,Tennessee,grocery_and_pharmacy_percent_change_from_baseline,0.014228923688909082,2.2544175779769047,3.453711592764568,0.9899232909803626,-2.814677169231157
234,Tennessee,parks_percent_change_from_baseline,0.0016339520118023312,74.9753384541313,26.98240641,0.8634390577832262,0.9183928462765004
235,Tennessee,residential_percent_change_from_baseline,0.008188685838211352,30.707509776653747,19.451061663814883,0.7730888468886652,0.7861299168819835
236,Tennessee,retail_and_recreation_percent_change_from_baseline,0.0013561482902079217,41.86112238470339,8.004652623988228,0.9387503476460027,0.6818300981831247
237,Tennessee,transit_stations_percent_change_from_baseline,0.0012608800333053132,32.78586575362171,5.59501485071185,0.9771698364464332,0.7580008188253768
238,Tennessee,workplaces_percent_change_from_baseline,0.00039947029901112995,36.431686363005795,4.676018548823365,0.9415785288188467,0.34631878625845447
239,Texas,grocery_and_pharmacy_percent_change_from_baseline,0.004573717230420927,38.47794450396122,26.98240641,0.9525520849373611,0.9719518487068738
240,Texas,parks_percent_change_from_baseline,0.0012271088852320792,109.69255166226581,26.98240641,0.9119772759246249,0.8916140845746876
241,Texas,residential_percent_change_from_baseline,0.008322140386815039,29.096248971181403,22.870444287357486,0.8162804264525131,0.8451588505683019
242,Texas,retail_and_recreation_percent_change_from_baseline,0.0009855694289836305,44.887156499448004,7.684652773862869,0.9732785833162279,0.8879214597126476
243,Texas,transit_stations_percent_change_from_baseline,0.0008197061129430366,51.98659434499189,1.464417855270983,0.8897708733675378,0.6628861029733902
244,Texas,workplaces_percent_change_from_baseline,0.0006127903969871214,39.99999119478986,1.000051562775213,0.7204116100778615,0.5413661377120516
245,Utah,grocery_and_pharmacy_percent_change_from_baseline,0.00568546829353167,23.792826881233392,26.98240641,0.6676893597442894,0.8167651772277827
246,Utah,residential_percent_change_from_baseline,0.0075752583123816835,30.71761992028119,24.690607404133125,0.8008330146064977,0.7380135324793587
247,Utah,retail_and_recreation_percent_change_from_baseline,0.001729961224356834,32.768704325334895,6.592282445818585,0.9619127562920686,0.8485741279130675
248,Utah,transit_stations_percent_change_from_baseline,0.00044632297184347644,45.00644682138274,2.9931414885240035,0.9816888726763138,0.6913049775060514
249,Utah,workplaces_percent_change_from_baseline,0.000312292719460278,38.78925931964979,3.5600624260099396,0.9536243921174808,0.6297454093103331
250,Vermont,grocery_and_pharmacy_percent_change_from_baseline,0.0007396642479364736,80.09951115396812,26.98240641,0.8389692810525451,0.9680325067849075
251,Vermont,parks_percent_change_from_baseline,0.0005089828583546029,136.61114319264993,26.98240641,0.5549233346702147,0.3148204411625045
252,Vermont,residential_percent_change_from_baseline,0.015395117637363441,23.09281837403662,13.854266996113624,0.8198300738834271,0.9525281143134993
253,Vermont,retail_and_recreation_percent_change_from_baseline,0.0011046871180877829,40.11849029006121,2.413810305753959,0.800760190572908,0.9498082600217842
254,Vermont,transit_stations_percent_change_from_baseline,0.0004908848963379984,39.85514956922057,3.9953421314302524,0.9599478319450234,0.925291430224846
255,Vermont,workplaces_percent_change_from_baseline,0.0006108047427436401,52.00000073372099,1.0000181565363113,0.9424372552955141,0.9616549287348923
256,Virginia,grocery_and_pharmacy_percent_change_from_baseline,0.0017760738523814584,26.98574337663526,3.8031209672408983,0.8308112885666603,0.7854693425112682
257,Virginia,parks_percent_change_from_baseline,0.0010335669718650568,69.19220367412522,4.185640655654721,0.4108681756041085,0.6734218080905761
258,Virginia,residential_percent_change_from_baseline,0.01066723343139257,27.94632153225536,16.23083401981377,0.78867778462775,0.830620379653899
259,Virginia,retail_and_recreation_percent_change_from_baseline,0.00034602620848373476,52.49057530681933,6.549633334118329,0.9316349691096857,0.7144046290139413
260,Virginia,transit_stations_percent_change_from_baseline,0.0003163729720196477,56.0000009890608,1.000049528651526,0.9625188567469037,0.5675984376963701
261,Virginia,workplaces_percent_change_from_baseline,0.00030570095149023865,48.999999961378165,1.0000001600177992,0.618755632127682,0.7292413461291805
262,Washington,grocery_and_pharmacy_percent_change_from_baseline,0.0033041992760482167,55.387100344454765,26.98240641,0.4991290918732251,0.5310872187374419
263,Washington,parks_percent_change_from_baseline,0.00494457680128764,8.790441195108892,3.059941473299802,0.9659732143570395,0.9751110637063064
264,Washington,residential_percent_change_from_baseline,0.007080527705193883,29.55326805641787,25.7707592806405,0.7593728164248468,0.8216577714794276
265,Washington,retail_and_recreation_percent_change_from_baseline,0.0003535923873706296,96.9649978353395,26.98240641,0.9716756046785142,0.5612940385695271
266,Washington,transit_stations_percent_change_from_baseline,0.0008396735959389275,40.09409880191493,1.3667433860969649,0.7184379272765455,0.9178843792663179
267,Washington,workplaces_percent_change_from_baseline,0.0003185085159257437,37.928545246151,2.7530571407453412,0.9655686620864363,0.7215407044938726
268,West Virginia,grocery_and_pharmacy_percent_change_from_baseline,0.0021722878538129524,49.63813576457402,9.91922587948167,0.9096666806722543,0.6841453801741917
269,West Virginia,parks_percent_change_from_baseline,0.0007282866035346059,59.0627314296481,7.416568499320914,0.8837089702935346,0.9268381065222167
270,West Virginia,residential_percent_change_from_baseline,0.013788724914274294,24.857893208792493,14.152796585454032,0.7613461494608657,0.8684041796672674
271,West Virginia,retail_and_recreation_percent_change_from_baseline,0.001287638388306276,54.04067433283631,26.98240641,0.9588848660272833,0.9026436937661513
272,West Virginia,transit_stations_percent_change_from_baseline,0.0007819292880923449,60.1699703232869,6.454878283916348,0.910027574882569,0.9019913091242929
273,West Virginia,workplaces_percent_change_from_baseline,0.0004873656138503378,49.99999987932736,0.9999999574627149,0.4802460918192377,0.7931362765828707
274,Wisconsin,grocery_and_pharmacy_percent_change_from_baseline,0.0007770509921015118,66.4164260779551,18.54679187892652,0.8825898427444283,0.8289229873687921
275,Wisconsin,residential_percent_change_from_baseline,0.011710893345320529,27.27402523142409,15.855055115774396,0.748351092278586,0.7834972589101858
276,Wisconsin,retail_and_recreation_percent_change_from_baseline,0.0004790152176796097,103.15268562423144,26.98240641,0.9785078062270627,0.9629835419996592
277,Wisconsin,transit_stations_percent_change_from_baseline,0.00043746924970427034,62.999999974734344,1.000002038754785,0.8111782378171032,0.7592317567182033
278,Wisconsin,workplaces_percent_change_from_baseline,0.0005104595078338775,50.00000027980655,1.0000078170469728,0.9340228912765203,0.7457700413358482
279,Wyoming,grocery_and_pharmacy_percent_change_from_baseline,0.0008271681837040526,60.185845630201825,24.410303995197996,0.8896588763893006,0.4444587837487819
280,Wyoming,parks_percent_change_from_baseline,0.000771458062413401,44.013950190665994,1.3477706307491566,0.9791082747419427,0.07324552560581343
281,Wyoming,residential_percent_change_from_baseline,0.011723784483517567,23.959320628468557,11.172939778760098,0.91190721391338,0.9393085447716931
282,Wyoming,retail_and_recreation_percent_change_from_baseline,0.0015843687285224358,48.27907692827864,11.476055870324943,0.9177489470414977,0.7371956771117532
283,Wyoming,transit_stations_percent_change_from_baseline,0.0013371769101550364,107.72603544415897,26.98240641,0.751228955028661,0.8805806954487676
284,Wyoming,workplaces_percent_change_from_baseline,0.0005123818395178271,35.776621847073166,3.798696747783098,0.9301565005899624,0.5448771923096429
